"product","binary file","download page","download link","download name","test flags","publish date","bin file size [B]","comment"
"A3","A3_FW_V01.01.01.00.bin",,"https://s3-ap-northeast-1.amazonaws.com/dji-firmware-test/A3/A3_FW_V01.01.01.00.bin","A3_FW_V01.01.01.00.bin",3,"2016-04-28",1417866,
"A3","A3_FW_V01.01.02.00.bin",,"https://s3-ap-northeast-1.amazonaws.com/dji-firmware-test/A3/A3_FW_V01.01.02.00.bin","A3_FW_V01.01.02.00.bin",3,"2016-05-03",1418414,
"A3","A3_FW_V01.02.00.00.bin",,"https://s3-ap-northeast-1.amazonaws.com/dji-firmware-test/A3/A3_FW_V01.02.00.00.bin","A3_FW_V01.02.00.00.bin",3,"2016-06-07",2514146,
"A3","A3_FW_V01.03.00.00.bin",,"https://s3-ap-northeast-1.amazonaws.com/dji-firmware-test/A3/A3_FW_V01.03.00.00.bin","A3_FW_V01.03.00.00.bin",3,"2016-06-08",2569494,
"A3","A3_FW_V01.04.00.00.bin",,"https://s3-ap-northeast-1.amazonaws.com/dji-firmware-test/A3/A3_FW_V01.04.00.00.bin","A3_FW_V01.04.00.00.bin",3,"2016-10-11",2750770,
"A3","A3_FW_V01.05.00.00.bin",,"https://s3-ap-northeast-1.amazonaws.com/dji-firmware-test/A3/A3_FW_V01.05.00.00.bin","A3_FW_V01.05.00.00.bin",3,"2016-10-20",2751026,
"A3","A3_FW_V01.06.00.00.bin",,"https://s3-ap-northeast-1.amazonaws.com/dji-firmware-test/A3/A3_FW_V01.06.00.00.bin","A3_FW_V01.06.00.00.bin",3,"2016-10-26",3054546,
"A3","A3_FW_V01.06.00.01.bin",,"https://s3-ap-northeast-1.amazonaws.com/dji-firmware-test/A3/A3_FW_V01.06.00.01.bin","A3_FW_V01.06.00.01.bin",3,"2016-10-26",1871978,
"A3","A3_FW_V01.06.00.10.bin",,"https://s3-ap-northeast-1.amazonaws.com/dji-firmware-test/A3/A3_FW_V01.06.00.10.bin","A3_FW_V01.06.00.10.bin",3,"2017-01-05",4400390,
"A3","A3_FW_V02.00.00.01.bin",,"https://s3-ap-northeast-1.amazonaws.com/dji-firmware-test/A3/A3_FW_V02.00.00.01.bin","A3_FW_V02.00.00.01.bin",3,"2016-07-08",2691178,
"AI900","A3_FW_V01.00.00.32.bin",,"https://s3-ap-northeast-1.amazonaws.com/dji-firmware-test/N3_A3_test/A3_FW_V01.00.00.32.bin","A3_FW_V01.00.00.32.bin",3,"2017-01-03",4404998,
"AI900","AI900_FW_V01.05.00.01.bin",,"https://s3-ap-northeast-1.amazonaws.com/dji-firmware-test/A3/AI900_FW_V01.05.00.01.bin","AI900_FW_V01.05.00.01.bin",3,"2016-12-22",4382726,
"AI900_AGR","AI900_AGR_FW_V01.00.00.29.bin",,"https://s3-ap-northeast-1.amazonaws.com/dji-firmware-test/A3_AGR/AI900_AGR_FW_V01.00.00.29.bin","AI900_AGR_FW_V01.00.00.29.bin",3,"2016-09-28",2805454,
"AI900_AGR","AI900_AGR_FW_V01.00.00.80.bin",,"https://s3-ap-northeast-1.amazonaws.com/dji-firmware-test/A3_AGR/AI900_AGR_FW_V01.00.00.80.bin","AI900_AGR_FW_V01.00.00.80.bin",3,"2016-11-16",4209866,
"AI900_AGR","AI900_AGR_FW_V01.00.00.81.bin",,"https://s3-ap-northeast-1.amazonaws.com/dji-firmware-test/A3_AGR/AI900_AGR_FW_V01.00.00.81.bin","AI900_AGR_FW_V01.00.00.81.bin",3,"2016-11-17",4209866,
"AI900_AGR","AI900_AGR_FW_V01.00.00.83.bin",,"https://s3-ap-northeast-1.amazonaws.com/dji-firmware-test/A3_AGR/AI900_AGR_FW_V01.00.00.83.bin","AI900_AGR_FW_V01.00.00.83.bin",3,"2016-11-18",4209866,
"AM603","AM603_FW_V01.00.00.43(ESC).bin",,"https://s3-ap-northeast-1.amazonaws.com/dji-firmware-test/N3/AM603_FW_V01.00.00.43(ESC).bin","AM603_FW_V01.00.00.43(ESC).bin",3,"2016-10-19",2835942,
"AM603","AM603_FW_V01.00.00.43.bin",,"https://s3-ap-northeast-1.amazonaws.com/dji-firmware-test/N3/AM603_FW_V01.00.00.43.bin","AM603_FW_V01.00.00.43.bin",3,"2016-10-20",3139462,
"AM603","AM603_FW_V01.00.00.47.bin",,"https://s3-ap-northeast-1.amazonaws.com/dji-firmware-test/N3/AM603_FW_V01.00.00.47.bin","AM603_FW_V01.00.00.47.bin",3,"2016-10-20",2843110,
"AM603","AM603_FW_V01.00.00.51.bin",,"https://s3-ap-northeast-1.amazonaws.com/dji-firmware-test/N3/AM603_FW_V01.00.00.51.bin","AM603_FW_V01.00.00.51.bin",3,"2016-10-21",2853350,
"AM603","AM603_FW_V01.00.00.70.bin",,"https://s3-ap-northeast-1.amazonaws.com/dji-firmware-test/N3/AM603_FW_V01.00.00.70.bin","AM603_FW_V01.00.00.70.bin",3,"2016-11-07",2874742,
"AM603","AM603_FW_V01.00.00.80.bin",,"https://s3-ap-northeast-1.amazonaws.com/dji-firmware-test/N3/AM603_FW_V01.00.00.80.bin","AM603_FW_V01.00.00.80.bin",3,"2016-11-08",2890358,
"AM603","AM603_FW_V01.00.01.01.bin",,"https://s3-ap-northeast-1.amazonaws.com/dji-firmware-test/N3/AM603_FW_V01.00.01.01.bin","AM603_FW_V01.00.01.01.bin",3,"2016-12-22",3120758,
"AM603","AM603_FW_V02.00.00.12.bin",,"https://s3-ap-northeast-1.amazonaws.com/dji-firmware-test/N3/AM603_FW_V02.00.00.12.bin","AM603_FW_V02.00.00.12.bin",3,"2016-09-13",2615082,
"AM603","N3_FW_V01.00.01.01.bin",,"https://s3-ap-northeast-1.amazonaws.com/dji-firmware-test/N3_A3_test/N3_FW_V01.00.01.01.bin","N3_FW_V01.00.01.01.bin",3,"2017-01-03",3135862,
"AM603","N3_FW_V01.01.01.00.bin",,"https://s3-ap-northeast-1.amazonaws.com/dji-firmware-test/N3/N3_FW_V01.01.01.00.bin","N3_FW_V01.01.01.00.bin",3,"2017-01-05",3133558,
"C1","C1_FW_V00.01.0000_ForIN2.bin",,"https://s3-ap-northeast-1.amazonaws.com/dji-firmware-test/RC_TEST/C1_FW_V00.01.0000_ForIN2.bin","C1_FW_V00.01.0000_ForIN2.bin",3,"2016-08-29",147328,
"C1","C1_FW_V01.00.0004.bin",,"http://download.dji-innovations.com/downloads/lightbridge2/C1_FW_V01.00.0004.bin","C1_FW_V01.00.0004.bin",3,"2015-10-09",14013108,
"C1","C1_FW_V01.00.0010.bin",,"http://dl.djicdn.com/downloads/lightbridge2/C1_FW_V01.00.0010.bin","C1_FW_V01.00.0010.bin",3,"2015-12-07",14029380,
"C1","C1_FW_V01.01.0000.bin",,"https://dl.djicdn.com/downloads/lightbridge2/C1_FW_V01.01.0000.bin","C1_FW_V01.01.0000.bin",3,"2016-09-06",5780684,
"C1","C1_FW_V01.01.0010.bin",,"https://s3-ap-northeast-1.amazonaws.com/dji-firmware-test/LB2/C1_FW_V01.01.0010.bin","C1_FW_V01.01.0010.bin",3,"2016-03-02",5503110,
"C1","C1_FW_V01.01.0020.bin",,"https://s3-ap-northeast-1.amazonaws.com/dji-firmware-test/LB2/C1_FW_V01.01.0020.bin","C1_FW_V01.01.0020.bin",3,"2016-04-01",5780684,
"C1","C1_FW_V01.01.0030.bin",,"https://dl.djicdn.com/downloads/lightbridge2/C1_FW_V01.01.0030.bin","C1_FW_V01.01.0030.bin",3,"2017-07-08",18933196,
"C1","C1_FW_V01.01.0092.bin",,"https://s3-ap-northeast-1.amazonaws.com/dji-firmware-test/LB2/C1_FW_V01.01.0092.bin","C1_FW_V01.01.0092.bin",3,"2016-03-29",14169232,
"C1","C1_FW_V01.01.0093.bin",,"https://s3-ap-northeast-1.amazonaws.com/dji-firmware-test/LB2/C1_FW_V01.01.0093.bin","C1_FW_V01.01.0093.bin",3,"2016-05-25",18933156,
"C1","C1_FW_V01.02.0021.bin","http://www.gerhard-weinberger.at/phpBB2/viewtopic.php?f=5&t=9",,"C1_FW_V01.02.0021.bin",3,,,
"C1","C1_FW_V01.03.00.21.bin",,"http://download.dji-innovations.com/downloads/inspire_1/C1_FW_V01.03.00.21.bin","C1_FW_V01.03.00.21.bin",3,"2015-08-13",21276620,
"C1","C1_FW_V01.03.0020.bin",,"http://download.dji-innovations.com/downloads/phantom_3/C1_FW_V01.03.0020.bin","C1_FW_V01.03.0020.bin",3,"2015-09-07",29847336,
"C1","C1_FW_V01.04.0030.bin",,"http://download.dji-innovations.com/downloads/RC/C1_FW_V01.04.0030.bin","C1_FW_V01.04.0030.bin",3,"2015-11-24",29855300,
"C1","C1_FW_V01.05.0070.bin",,"http://dl.djicdn.com/downloads/inspire_1/C1_FW_V01.05.0070.bin","C1_FW_V01.05.0070.bin",3,"2015-11-26",29978860,
"C1","C1_FW_V01.05.0072",,"https://s3-ap-northeast-1.amazonaws.com/dji-firmware-test/RC_TEST/C1_FW_V01.05.0072","C1_FW_V01.05.0072",3,"2016-06-02",18933196,
"C1","C1_FW_V01.05.0080.bin",,"https://dl.djicdn.com/downloads/RC/C1_FW_V01.05.0080.bin","C1_FW_V01.05.0080.bin",3,"2016-07-08",29997840,
"C1","C1_FW_V01.06.0000.bin",,"https://dl.djicdn.com/downloads/lightbridge2/C1_FW_V01.06.0000.bin","C1_FW_V01.06.0000.bin",3,"2016-07-25",30046440,
"C1","C1_FW_V01.06.0020.bin","http://resource.dj2006.net/document/2016050611715.txt",,"C1_FW_V01.06.0020.bin",0,"2016-04-29",,"mentioned in update file, but no longer available; no known source"
"C1","C1_FW_v00.00.00.01.bin",,"https://s3-ap-northeast-1.amazonaws.com/dji-firmware-test/POMATO_RC/C1_FW_v00.00.00.01.bin","C1_FW_v00.00.00.01.bin",3,"2016-07-27",18922252,
"C1","C1_FW_v00.00.0001.bin",,"https://s3-ap-northeast-1.amazonaws.com/dji-firmware-test/RC_TEST/C1_FW_v00.00.0001.bin","C1_FW_v00.00.0001.bin",3,"2016-09-02",18979212,
"C1","C1_FW_v01.01.0030.bin",,"https://s3-ap-northeast-1.amazonaws.com/dji-firmware-test/LB2/C1_FW_v01.01.0030.bin","C1_FW_v01.01.0030.bin",3,"2016-09-14",18983916,
"C1","C1_FW_v01.01.0035.bin",,"https://s3-ap-northeast-1.amazonaws.com/dji-firmware-test/LB2/C1_FW_v01.01.0035.bin","C1_FW_v01.01.0035.bin",3,"2016-09-14",18977796,
"C1","C1_FW_v01.01.0040.bin",,"https://s3-ap-northeast-1.amazonaws.com/dji-firmware-test/LB2/C1_FW_v01.01.0040.bin","C1_FW_v01.01.0040.bin",3,"2016-09-20",18981116,
"C1","C1_FW_v01.01.0050.bin",,"https://dl.djicdn.com/downloads/lightbridge2/C1_FW_v01.01.0050.bin","C1_FW_v01.01.0050.bin",3,"2017-07-08",18922252,
"C1","C1_FW_v01.01.0051.bin",,"https://s3-ap-northeast-1.amazonaws.com/dji-firmware-test/LB2/C1_FW_v01.01.0051.bin","C1_FW_v01.01.0051.bin",3,"2016-11-25",18989012,
"C1","C1_FW_v01.01.0053.bin",,"https://s3-ap-northeast-1.amazonaws.com/dji-firmware-test/LB2/C1_FW_v01.01.0053.bin","C1_FW_v01.01.0053.bin",3,"2016-12-06",19002336,
"C1","C1_FW_v01.01.0054.bin",,"https://s3-ap-northeast-1.amazonaws.com/dji-firmware-test/LB2/C1_FW_v01.01.0054.bin","C1_FW_v01.01.0054.bin",3,"2016-12-08",19002536,
"C1","C1_FW_v01.01.0055.bin",,"https://s3-ap-northeast-1.amazonaws.com/dji-firmware-test/LB2/C1_FW_v01.01.0055.bin","C1_FW_v01.01.0055.bin",3,"2016-12-29",19014072,
"C1","C1_FW_v01.01.0060.bin",,"https://s3-ap-northeast-1.amazonaws.com/dji-firmware-test/LB2/C1_FW_v01.01.0060.bin","C1_FW_v01.01.0060.bin",3,"2016-03-02",30044608,
"C1","C1_FW_v01.01.0070.bin",,"http://dl.djicdn.com/downloads/lightbridge2/NEW+FIRMWARE+20161103/C1_FW_v01.01.0070.bin","C1_FW_v01.01.0070.bin",3,"2016-11-03",18988364,
"C1","C1_FW_v01.01.0080.bin",,"https://s3-ap-northeast-1.amazonaws.com/dji-firmware-test/LB2/C1_FW_v01.01.0080.bin","C1_FW_v01.01.0080.bin",3,"2016-03-15",18989012,
"C1","C1_FW_v01.01.0090.bin",,"https://s3-ap-northeast-1.amazonaws.com/dji-firmware-test/LB2/C1_FW_v01.01.0090.bin","C1_FW_v01.01.0090.bin",3,"2016-03-24",30046440,
"C1","C1_FW_v01.05.0071.bin",,"https://dl.djicdn.com/downloads/RC/C1_FW_v01.05.0071.bin","C1_FW_v01.05.0071.bin",3,"2016-02-02",29979520,
"C1","C1_FW_v01.06.0001.bin",,"https://s3-ap-northeast-1.amazonaws.com/dji-firmware-test/RC_TEST/C1_FW_v01.06.0001.bin","C1_FW_v01.06.0001.bin",3,"2016-08-15",30058336,
"C1","C1_FW_v01.07.0000.bin",,"https://s3-ap-northeast-1.amazonaws.com/dji-firmware-test/RC_TEST/C1_FW_v01.07.0000.bin","C1_FW_v01.07.0000.bin",3,"2016-08-26",30058336,
"C1","C1_FW_v01.07.0002.bin",,"https://s3-ap-northeast-1.amazonaws.com/dji-firmware-test/RC_TEST/C1_FW_v01.07.0002.bin","C1_FW_v01.07.0002.bin",3,"2016-07-08",30022496,
"C1","C1_FW_v01.07.0030.bin",,"https://s3-ap-northeast-1.amazonaws.com/dji-firmware-test/RC_TEST/C1_FW_v01.07.0030.bin","C1_FW_v01.07.0030.bin",3,"2016-07-14",30023072,
"C1","C1_FW_v01.07.0040.bin",,"https://s3-ap-northeast-1.amazonaws.com/dji-firmware-test/RC_TEST/C1_FW_v01.07.0040.bin","C1_FW_v01.07.0040.bin",3,"2016-07-27",30025824,
"C1","C1_FW_v01.07.0050.bin",,"https://dl.djicdn.com/downloads/inspire_1/C1_FW_v01.07.0050.bin","C1_FW_v01.07.0050.bin",3,"2017-07-08",21318556,
"C1","C1_FW_v01.07.0060.bin",,"http://dl.djicdn.com/downloads/inspire_1_rc/C1_FW_v01.07.0060.bin","C1_FW_v01.07.0060.bin",3,"2016-11-10",21318668,
"C1","C1_FW_v01.08.0000.bin",,"https://s3-ap-northeast-1.amazonaws.com/dji-firmware-test/RC_TEST/C1_FW_v01.08.0000.bin","C1_FW_v01.08.0000.bin",3,"2016-09-12",30058336,
"C1","C1_FW_v01.09.0000.bin",,"https://s3-ap-northeast-1.amazonaws.com/dji-firmware-test/RC_TEST/C1_FW_v01.09.0000.bin","C1_FW_v01.09.0000.bin",3,"2016-11-08",30058312,
"C1","C1_v00.01.00.00_20161012.bin",,"https://s3-ap-northeast-1.amazonaws.com/dji-firmware-test/POMATO_RC/C1_v00.01.00.00_20161012.bin","C1_v00.01.00.00_20161012.bin",3,"2016-10-12",405034,
"C1","C1_v00.01.00.01_20161021.bin",,"https://s3-ap-northeast-1.amazonaws.com/dji-firmware-test/POMATO_RC/C1_v00.01.00.01_20161021.bin","C1_v00.01.00.01_20161021.bin",3,"2016-10-21",405034,
"C1","C1_v00.01.00.01_20161104.bin",,"https://s3-ap-northeast-1.amazonaws.com/dji-firmware-test/POMATO_RC/C1_v00.01.00.01_20161104.bin","C1_v00.01.00.01_20161104.bin",3,"2016-11-04",394646,
"C1","LBTX_FW_V01.01.00.bin",,"https://s3-ap-northeast-1.amazonaws.com/dji-firmware-test/LB2/LBTX_FW_V01.01.00.bin","LBTX_FW_V01.01.00.bin",3,"2016-04-05",9206870,
"C1","LBTX_FW_V01.01.0010.bin",,"https://s3-ap-northeast-1.amazonaws.com/dji-firmware-test/LB2/LBTX_FW_V01.01.0010.bin","LBTX_FW_V01.01.0010.bin",3,"2016-05-25",9207638,
"C1","LBTX_FW_V01.01.0030.bin",,"https://s3-ap-northeast-1.amazonaws.com/dji-firmware-test/LB2/LBTX_FW_V01.01.0030.bin","LBTX_FW_V01.01.0030.bin",3,"2016-06-27",9210642,
"C1","LBTX_FW_V01.01.0031.bin",,"https://s3-ap-northeast-1.amazonaws.com/dji-firmware-test/LB2/LBTX_FW_V01.01.0031.bin","LBTX_FW_V01.01.0031.bin",3,"2016-07-27",9209002,
"C1","LBTX_FW_V01.01.0040.bin",,"https://s3-ap-northeast-1.amazonaws.com/dji-firmware-test/LB2/LBTX_FW_V01.01.0040.bin","LBTX_FW_V01.01.0040.bin",3,"2016-08-18",9210650,
"C1","LBTX_FW_V01.01.0041.bin",,"https://s3-ap-northeast-1.amazonaws.com/dji-firmware-test/LB2/LBTX_FW_V01.01.0041.bin","LBTX_FW_V01.01.0041.bin",3,"2016-03-29",9205798,
"ESC","ESC_FW_V01.00.00.11.bin",,"https://s3-ap-northeast-1.amazonaws.com/dji-firmware-test/ESC/ESC_FW_V01.00.00.11.bin","ESC_FW_V01.00.00.11.bin",3,"2017-01-03",128279,
"GL300E","GL300E_RC_v00.01.04.01_20161019.bin",,"https://s3-ap-northeast-1.amazonaws.com/dji-firmware-test/POMATO_RC/GL300E_RC_v00.01.04.01_20161019.bin","GL300E_RC_v00.01.04.01_20161019.bin",3,"2016-10-19",216948,
"GL300E","GL300E_RC_v00.01.05.00_20161024.bin",,"https://s3-ap-northeast-1.amazonaws.com/dji-firmware-test/POMATO_RC/GL300E_RC_v00.01.05.00_20161024.bin","GL300E_RC_v00.01.05.00_20161024.bin",3,"2016-10-24",153220,
"GL300E","GL300E_v00.01.00.00_154968013.bin",,"https://s3-ap-northeast-1.amazonaws.com/dji-firmware-test/POMATO_RC/GL300E_v00.01.00.00_154968013.bin","GL300E_v00.01.00.00_154968013.bin",3,"2016-09-21",148920,
"GL300E","p4pRC_v1.0.0.0_20161010.bin",,"https://s3-ap-northeast-1.amazonaws.com/dji-firmware-test/POMATO_RC/p4pRC_v1.0.0.0_20161010.bin","p4pRC_v1.0.0.0_20161010.bin",3,"2016-10-11",216948,
"HG300","HG300_FW_V01.01.00.01.bin",,"https://s3-ap-northeast-1.amazonaws.com/dji-firmware-test/HG300/HG300_FW_V01.01.00.01.bin","HG300_FW_V01.01.00.01.bin",3,"2016-04-29",418926,
"HG300","HG300_FW_V01.01.00.02.bin",,"https://s3-ap-northeast-1.amazonaws.com/dji-firmware-test/HG300/HG300_FW_V01.01.00.02.bin","HG300_FW_V01.01.00.02.bin",3,"2016-05-06",426486,
"HG300","HG300_FW_V01.01.00.04.bin",,"https://s3-ap-northeast-1.amazonaws.com/dji-firmware-test/HG300/HG300_FW_V01.01.00.04.bin","HG300_FW_V01.01.00.04.bin",3,"2016-05-19",620666,
"HG300","HG300_FW_V01.01.00.05.bin",,"https://s3-ap-northeast-1.amazonaws.com/dji-firmware-test/HG300/HG300_FW_V01.01.00.05.bin","HG300_FW_V01.01.00.05.bin",3,"2016-05-31",623138,
"HG300","HG300_FW_V01.01.00.06.bin",,"https://s3-ap-northeast-1.amazonaws.com/dji-firmware-test/HG300/HG300_FW_V01.01.00.06.bin","HG300_FW_V01.01.00.06.bin",3,"2016-06-01",623138,
"HG300","HG300_FW_V01.01.00.06_PC.bin",,"https://s3-ap-northeast-1.amazonaws.com/dji-firmware-test/HG300/HG300_FW_V01.01.00.06_PC.bin","HG300_FW_V01.01.00.06_PC.bin",3,"2016-06-03",430122,
"HG300","HG300_FW_V01.01.00.07.bin",,"https://s3-ap-northeast-1.amazonaws.com/dji-firmware-test/HG300/HG300_FW_V01.01.00.07.bin","HG300_FW_V01.01.00.07.bin",3,"2016-06-17",624550,
"HG300","HG300_FW_V01.01.00.07_PC.bin",,"https://s3-ap-northeast-1.amazonaws.com/dji-firmware-test/HG300/HG300_FW_V01.01.00.07_PC.bin","HG300_FW_V01.01.00.07_PC.bin",3,"2016-06-16",431534,
"HG300","HG300_FW_V01.01.00.08.bin",,"https://s3-ap-northeast-1.amazonaws.com/dji-firmware-test/HG300/HG300_FW_V01.01.00.08.bin","HG300_FW_V01.01.00.08.bin",3,"2016-06-23",637434,
"HG300","HG300_FW_V01.01.00.08_PC.bin",,"https://s3-ap-northeast-1.amazonaws.com/dji-firmware-test/HG300/HG300_FW_V01.01.00.08_PC.bin","HG300_FW_V01.01.00.08_PC.bin",3,"2016-06-23",444418,
"HG300","HG300_FW_V01.01.00.11.bin",,"https://s3-ap-northeast-1.amazonaws.com/dji-firmware-test/HG300/HG300_FW_V01.01.00.11.bin","HG300_FW_V01.01.00.11.bin",3,"2016-06-30",629178,
"HG300","HG300_FW_V01.01.00.11_PC.bin",,"https://s3-ap-northeast-1.amazonaws.com/dji-firmware-test/HG300/HG300_FW_V01.01.00.11_PC.bin","HG300_FW_V01.01.00.11_PC.bin",3,"2016-06-30",436162,
"HG300","HG300_FW_V01.01.00.12.bin",,"https://s3-ap-northeast-1.amazonaws.com/dji-firmware-test/HG300/HG300_FW_V01.01.00.12.bin","HG300_FW_V01.01.00.12.bin",3,"2016-07-05",632106,
"HG300","HG300_FW_V01.01.00.12_PC.bin",,"https://s3-ap-northeast-1.amazonaws.com/dji-firmware-test/HG300/HG300_FW_V01.01.00.12_PC.bin","HG300_FW_V01.01.00.12_PC.bin",3,"2016-07-05",439090,
"HG300","HG300_FW_V01.01.00.13.bin",,"https://s3-ap-northeast-1.amazonaws.com/dji-firmware-test/HG300/HG300_FW_V01.01.00.13.bin","HG300_FW_V01.01.00.13.bin",3,"2016-07-11",633690,
"HG300","HG300_FW_V01.01.00.13_PC.bin",,"https://s3-ap-northeast-1.amazonaws.com/dji-firmware-test/HG300/HG300_FW_V01.01.00.13_PC.bin","HG300_FW_V01.01.00.13_PC.bin",3,"2016-07-11",440674,
"HG300","HG300_FW_V01.01.00.14.bin",,"https://s3-ap-northeast-1.amazonaws.com/dji-firmware-test/HG300/HG300_FW_V01.01.00.14.bin","HG300_FW_V01.01.00.14.bin",3,"2016-07-19",634802,
"HG300","HG300_FW_V01.01.00.14_PC.bin",,"https://s3-ap-northeast-1.amazonaws.com/dji-firmware-test/HG300/HG300_FW_V01.01.00.14_PC.bin","HG300_FW_V01.01.00.14_PC.bin",3,"2016-07-19",441786,
"HG300","HG300_FW_V01.01.00.15.bin",,"https://s3-ap-northeast-1.amazonaws.com/dji-firmware-test/HG300/HG300_FW_V01.01.00.15.bin","HG300_FW_V01.01.00.15.bin",3,"2016-07-21",634950,
"HG300","HG300_FW_V01.01.00.15_PC.bin",,"https://s3-ap-northeast-1.amazonaws.com/dji-firmware-test/HG300/HG300_FW_V01.01.00.15_PC.bin","HG300_FW_V01.01.00.15_PC.bin",3,"2016-07-21",441934,
"HG300","HG300_FW_V01.01.00.16.bin",,"https://s3-ap-northeast-1.amazonaws.com/dji-firmware-test/HG300/HG300_FW_V01.01.00.16.bin","HG300_FW_V01.01.00.16.bin",3,"2016-08-30",641266,
"HG300","HG300_FW_V01.01.00.17.bin",,"https://s3-ap-northeast-1.amazonaws.com/dji-firmware-test/HG300/HG300_FW_V01.01.00.17.bin","HG300_FW_V01.01.00.17.bin",3,"2016-08-04",637818,
"HG300","HG300_FW_V01.01.00.18.bin",,"https://s3-ap-northeast-1.amazonaws.com/dji-firmware-test/HG300/HG300_FW_V01.01.00.18.bin","HG300_FW_V01.01.00.18.bin",3,"2016-08-15",638670,
"HG300","HG300_FW_V01.01.00.19.bin",,"https://s3-ap-northeast-1.amazonaws.com/dji-firmware-test/HG300/HG300_FW_V01.01.00.19.bin","HG300_FW_V01.01.00.19.bin",3,"2016-08-19",640286,
"HG300","HG300_FW_V01.01.00.21.bin",,"https://s3-ap-northeast-1.amazonaws.com/dji-firmware-test/HG300/HG300_FW_V01.01.00.21.bin","HG300_FW_V01.01.00.21.bin",3,"2016-08-25",640494,
"HG300","HG300_FW_V01.01.00.22.bin",,"https://s3-ap-northeast-1.amazonaws.com/dji-firmware-test/HG300/HG300_FW_V01.01.00.22.bin","HG300_FW_V01.01.00.22.bin",3,"2016-08-25",641190,
"HG300","HG300_FW_V01.01.00.23.bin",,"https://s3-ap-northeast-1.amazonaws.com/dji-firmware-test/HG300/HG300_FW_V01.01.00.23.bin","HG300_FW_V01.01.00.23.bin",3,"2016-08-26",641582,
"HG300","HG300_FW_V01.01.00.24.bin",,"https://s3-ap-northeast-1.amazonaws.com/dji-firmware-test/HG300/HG300_FW_V01.01.00.24.bin","HG300_FW_V01.01.00.24.bin",3,"2016-08-29",641654,
"HG300","HG300_FW_V01.01.00.30.bin",,"https://s3-ap-northeast-1.amazonaws.com/dji-firmware-test/HG300/HG300_FW_V01.01.00.30.bin","HG300_FW_V01.01.00.30.bin",3,"2016-10-17",641654,
"HG300","HG300_FW_V01.01.00.30_1.bin",,"https://s3-ap-northeast-1.amazonaws.com/dji-firmware-test/HG300/HG300_FW_V01.01.00.30_1.bin","HG300_FW_V01.01.00.30_1.bin",3,"2016-08-30",641654,
"HG300","HG300_FW_V01.02.00.31.bin",,"https://s3-ap-northeast-1.amazonaws.com/dji-firmware-test/HG300/HG300_FW_V01.02.00.31.bin","HG300_FW_V01.02.00.31.bin",3,"2016-09-21",645502,
"HG300","HG300_FW_V01.02.00.33.bin",,"https://s3-ap-northeast-1.amazonaws.com/dji-firmware-test/HG300/HG300_FW_V01.02.00.33.bin","HG300_FW_V01.02.00.33.bin",3,"2016-09-26",660310,
"HG300","HG300_FW_V01.02.00.34.bin",,"https://s3-ap-northeast-1.amazonaws.com/dji-firmware-test/HG300/HG300_FW_V01.02.00.34.bin","HG300_FW_V01.02.00.34.bin",3,"2016-10-10",660522,
"HG300","HG300_FW_V01.02.00.40.bin",,"https://s3-ap-northeast-1.amazonaws.com/dji-firmware-test/HG300/HG300_FW_V01.02.00.40.bin","HG300_FW_V01.02.00.40.bin",3,"2016-10-13",660522,
"HG300","HG300_FW_V01.03.00.41.bin",,"https://s3-ap-northeast-1.amazonaws.com/dji-firmware-test/HG300/HG300_FW_V01.03.00.41.bin","HG300_FW_V01.03.00.41.bin",3,"2016-10-25",660878,
"HG300","HG300_FW_V01.03.00.42.bin",,"https://s3-ap-northeast-1.amazonaws.com/dji-firmware-test/HG300/HG300_FW_V01.03.00.42.bin","HG300_FW_V01.03.00.42.bin",3,"2016-10-26",660878,
"HG300","HG300_FW_V01.03.00.43.bin",,"https://s3-ap-northeast-1.amazonaws.com/dji-firmware-test/HG300/HG300_FW_V01.03.00.43.bin","HG300_FW_V01.03.00.43.bin",3,"2016-11-11",661914,
"HG300","HG300_FW_V01.03.00.43_3.bin",,"https://s3-ap-northeast-1.amazonaws.com/dji-firmware-test/HG300/HG300_FW_V01.03.00.43_3.bin","HG300_FW_V01.03.00.43_3.bin",3,"2016-11-11",661898,
"HG300","HG300_FW_V01.03.00.44.bin",,"https://s3-ap-northeast-1.amazonaws.com/dji-firmware-test/HG300/HG300_FW_V01.03.00.44.bin","HG300_FW_V01.03.00.44.bin",3,"2016-11-16",660878,
"HG300","HG300_FW_V01.03.00.45.bin",,"https://s3-ap-northeast-1.amazonaws.com/dji-firmware-test/HG300/HG300_FW_V01.03.00.45.bin","HG300_FW_V01.03.00.45.bin",3,"2016-11-17",662258,
"HG300","HG300_FW_V01.03.00.45_new.bin",,"https://s3-ap-northeast-1.amazonaws.com/dji-firmware-test/HG300/HG300_FW_V01.03.00.45_new.bin","HG300_FW_V01.03.00.45_new.bin",3,"2016-11-17",661914,
"HG300","HG300_FW_V01.03.00.46.bin",,"https://s3-ap-northeast-1.amazonaws.com/dji-firmware-test/HG300/HG300_FW_V01.03.00.46.bin","HG300_FW_V01.03.00.46.bin",3,"2016-11-21",662258,
"HG300","HG300_FW_V01.03.00.50.bin",,"https://s3-ap-northeast-1.amazonaws.com/dji-firmware-test/HG300/HG300_FW_V01.03.00.50.bin","HG300_FW_V01.03.00.50.bin",3,"2016-11-22",662258,
"HG300","HG300_FW_V01.04.00.51.bin",,"https://s3-ap-northeast-1.amazonaws.com/dji-firmware-test/HG300/HG300_FW_V01.04.00.51.bin","HG300_FW_V01.04.00.51.bin",3,"2016-12-02",662782,
"HG300","HG300_FW_V01.04.00.52.bin",,"https://s3-ap-northeast-1.amazonaws.com/dji-firmware-test/HG300/HG300_FW_V01.04.00.52.bin","HG300_FW_V01.04.00.52.bin",3,"2016-12-15",663054,
"HG300","HG300_FW_V01.04.00.53.bin",,"https://s3-ap-northeast-1.amazonaws.com/dji-firmware-test/HG300/HG300_FW_V01.04.00.53.bin","HG300_FW_V01.04.00.53.bin",3,"2016-12-19",663054,
"HG300","HG300_FW_V01.04.00.54.bin",,"https://s3-ap-northeast-1.amazonaws.com/dji-firmware-test/HG300/HG300_FW_V01.04.00.54.bin","HG300_FW_V01.04.00.54.bin",3,"2016-12-21",663054,
"HG300","HG300_FW_V01.04.00.55.bin",,"https://s3-ap-northeast-1.amazonaws.com/dji-firmware-test/HG300/HG300_FW_V01.04.00.55.bin","HG300_FW_V01.04.00.55.bin",3,"2016-12-22",662990,
"HG300","HG300_FW_V01.04.00.56.bin",,"https://s3-ap-northeast-1.amazonaws.com/dji-firmware-test/HG300/HG300_FW_V01.04.00.56.bin","HG300_FW_V01.04.00.56.bin",3,"2016-12-28",663022,
"HG300","HG300_FW_V01.04.00.60-4.bin",,"https://s3-ap-northeast-1.amazonaws.com/dji-firmware-test/HG300/HG300_FW_V01.04.00.60-4.bin","HG300_FW_V01.04.00.60-4.bin",3,"2017-01-09",663586,
"HG300","HG300_FW_V01.04.00.60.bin",,"https://s3-ap-northeast-1.amazonaws.com/dji-firmware-test/HG300/HG300_FW_V01.04.00.60.bin","HG300_FW_V01.04.00.60.bin",3,"2017-01-09",663586,
"HG300","HG300_FW_V01.05.00.70.bin",,"https://dl.djicdn.com/downloads/osmo+mobile/HG300_FW_V01.05.00.70.bin","HG300_FW_V01.05.00.70.bin",3,"2017-07-08",664558,
"HG300","HG300_FW_V01.06.00.80.bin",,"https://dl.djicdn.com/downloads/osmo+mobile/20170605/HG300_FW_V01.06.00.80.bin","HG300_FW_V01.06.00.80.bin",3,"2017-07-08",667278,
"MATRICE100","MATRICE100_FW_V01.02.00.60.bin",,"https://s3-ap-northeast-1.amazonaws.com/dji-firmware-test/M100/MATRICE100_FW_V01.02.00.60.bin","MATRICE100_FW_V01.02.00.60.bin",3,"2016-02-19",1416854,
"MATRICE100","MATRICE100_FW_V01.02.00.70.bin",,"https://s3-ap-northeast-1.amazonaws.com/dji-firmware-test/M100/MATRICE100_FW_V01.02.00.70.bin","MATRICE100_FW_V01.02.00.70.bin",3,"2016-02-29",1417622,
"MATRICE100","MATRICE100_FW_V01.02.00.80.bin",,"https://s3-ap-northeast-1.amazonaws.com/dji-firmware-test/M100/MATRICE100_FW_V01.02.00.80.bin","MATRICE100_FW_V01.02.00.80.bin",3,"2016-04-01",1500122,
"MATRICE100","MATRICE100_FW_V01.02.00.90.bin",,"https://s3-ap-northeast-1.amazonaws.com/dji-firmware-test/M100/MATRICE100_FW_V01.02.00.90.bin","MATRICE100_FW_V01.02.00.90.bin",3,"2016-03-31",1505082,
"MATRICE100","MATRICE100_FW_V01.03.01.00_pc.bin",,"https://s3-ap-northeast-1.amazonaws.com/dji-firmware-test/M100/MATRICE100_FW_V01.03.01.00_pc.bin","MATRICE100_FW_V01.03.01.00_pc.bin",3,"2016-04-11",1505990,
"MATRICE100","MATRICE100_FW_V01.03.02.55_pc.bin",,"https://s3-ap-northeast-1.amazonaws.com/dji-firmware-test/M100/MATRICE100_FW_V01.03.02.55_pc.bin","MATRICE100_FW_V01.03.02.55_pc.bin",3,"2016-07-01",1414086,
"MATRICE600","MATRICE600_FW_V01.00.00.27.bin",,"https://s3-ap-northeast-1.amazonaws.com/dji-firmware-test/M600/MATRICE600_FW_V01.00.00.27.bin","MATRICE600_FW_V01.00.00.27.bin",3,"2016-12-06",3292363,
"MATRICE600","MATRICE600_FW_V01.00.00.27_nw.bin",,"https://s3-ap-northeast-1.amazonaws.com/dji-firmware-test/M600/MATRICE600_FW_V01.00.00.27_nw.bin","MATRICE600_FW_V01.00.00.27_nw.bin",3,"2016-12-14",3300555,
"MATRICE600","MATRICE600_FW_V01.00.00.28.bin",,"https://s3-ap-northeast-1.amazonaws.com/dji-firmware-test/M600/MATRICE600_FW_V01.00.00.28.bin","MATRICE600_FW_V01.00.00.28.bin",3,"2017-01-04",3263895,
"MATRICE600","MATRICE600_FW_V01.00.00.39.bin",,"https://s3-ap-northeast-1.amazonaws.com/dji-firmware-test/M600/MATRICE600_FW_V01.00.00.39.bin","MATRICE600_FW_V01.00.00.39.bin",3,"2016-09-29",3163827,
"MATRICE600","MATRICE600_FW_V01.00.00.39_nw.bin",,"https://s3-ap-northeast-1.amazonaws.com/dji-firmware-test/M600/MATRICE600_FW_V01.00.00.39_nw.bin","MATRICE600_FW_V01.00.00.39_nw.bin",3,"2016-10-21",2988247,
"MATRICE600","MATRICE600_FW_V01.00.00.42.bin",,"https://s3-ap-northeast-1.amazonaws.com/dji-firmware-test/M600/MATRICE600_FW_V01.00.00.42.bin","MATRICE600_FW_V01.00.00.42.bin",3,"2016-10-21",3110319,
"MATRICE600","MATRICE600_FW_V01.00.00.43.bin",,"https://s3-ap-northeast-1.amazonaws.com/dji-firmware-test/M600/MATRICE600_FW_V01.00.00.43.bin","MATRICE600_FW_V01.00.00.43.bin",3,"2016-10-17",3218763,
"MATRICE600","MATRICE600_FW_V01.00.00.44.bin",,"https://s3-ap-northeast-1.amazonaws.com/dji-firmware-test/M600/MATRICE600_FW_V01.00.00.44.bin","MATRICE600_FW_V01.00.00.44.bin",3,"2016-10-26",3226979,
"MATRICE600","MATRICE600_FW_V01.00.00.51.bin",,"https://s3-ap-northeast-1.amazonaws.com/dji-firmware-test/M600/MATRICE600_FW_V01.00.00.51.bin","MATRICE600_FW_V01.00.00.51.bin",3,"2016-11-04",3251347,
"MATRICE600","MATRICE600_FW_V01.00.00.53.bin",,"https://s3-ap-northeast-1.amazonaws.com/dji-firmware-test/M600/MATRICE600_FW_V01.00.00.53.bin","MATRICE600_FW_V01.00.00.53.bin",3,"2016-11-10",3267731,
"MATRICE600","MATRICE600_FW_V01.00.00.54.bin",,"https://s3-ap-northeast-1.amazonaws.com/dji-firmware-test/M600/MATRICE600_FW_V01.00.00.54.bin","MATRICE600_FW_V01.00.00.54.bin",3,"2016-11-21",3272851,
"MATRICE600","MATRICE600_FW_V01.00.00.56.bin",,"https://s3-ap-northeast-1.amazonaws.com/dji-firmware-test/M600/MATRICE600_FW_V01.00.00.56.bin","MATRICE600_FW_V01.00.00.56.bin",3,"2016-12-14",3300555,
"MATRICE600","MATRICE600_FW_V01.00.00.60.bin",,"https://s3-ap-northeast-1.amazonaws.com/dji-firmware-test/M600/MATRICE600_FW_V01.00.00.60.bin","MATRICE600_FW_V01.00.00.60.bin",3,"2016-12-16",3300555,
"MATRICE600","MATRICE600_FW_V01.00.00.80.bin",,"https://s3-ap-northeast-1.amazonaws.com/dji-firmware-test/M600/MATRICE600_FW_V01.00.00.80.bin","MATRICE600_FW_V01.00.00.80.bin",3,"2016-12-19",3300575,
"MATRICE600","MATRICE600_FW_V01.00.0090.bin",,"https://s3-ap-northeast-1.amazonaws.com/dji-firmware-test/M600/MATRICE600_FW_V01.00.0090.bin","MATRICE600_FW_V01.00.0090.bin",3,"2016-12-19",3062751,
"MATRICE600","MATRICE600_FW_V02.00.00.21.bin",,"https://s3-ap-northeast-1.amazonaws.com/dji-firmware-test/UH/MATRICE600_FW_V02.00.00.21.bin","MATRICE600_FW_V02.00.00.21.bin",3,"2016-12-19",3505831,
"MATRICE600","MATRICE600_FW_V02.00.00.95(polar).bin",,"https://s3-ap-northeast-1.amazonaws.com/dji-firmware-test/UH/MATRICE600_FW_V02.00.00.95(polar).bin","MATRICE600_FW_V02.00.00.95(polar).bin",3,"2017-01-04",3263895,
"MATRICE600PRO","MATRICE600PRO_FW_V01.00.00.01.bin",,"https://s3-ap-northeast-1.amazonaws.com/dji-firmware-test/M600PRO/MATRICE600PRO_FW_V01.00.00.01.bin","MATRICE600PRO_FW_V01.00.00.01.bin",3,"2016-04-18",1911024,
"MATRICE600PRO","MATRICE600PRO_FW_V01.00.00.51.bin",,"https://s3-ap-northeast-1.amazonaws.com/dji-firmware-test/M600PRO/MATRICE600PRO_FW_V01.00.00.51.bin","MATRICE600PRO_FW_V01.00.00.51.bin",3,"2016-08-18",1843121,
"MATRICE600PRO","MATRICE600PRO_FW_V01.00.00.53.bin",,"https://s3-ap-northeast-1.amazonaws.com/dji-firmware-test/M600PRO/MATRICE600PRO_FW_V01.00.00.53.bin","MATRICE600PRO_FW_V01.00.00.53.bin",3,"2016-05-05",2941971,
"MATRICE600PRO","MATRICE600PRO_FW_V01.00.00.54.bin",,"https://s3-ap-northeast-1.amazonaws.com/dji-firmware-test/M600PRO/MATRICE600PRO_FW_V01.00.00.54.bin","MATRICE600PRO_FW_V01.00.00.54.bin",3,"2016-06-08",3016747,
"MATRICE600PRO","MATRICE600PRO_FW_V01.00.00.55.bin",,"https://s3-ap-northeast-1.amazonaws.com/dji-firmware-test/M600PRO/MATRICE600PRO_FW_V01.00.00.55.bin","MATRICE600PRO_FW_V01.00.00.55.bin",3,"2016-08-18",2993367,
"MATRICE600PRO","MATRICE600PRO_FW_V01.00.00.60.bin",,"https://s3-ap-northeast-1.amazonaws.com/dji-firmware-test/M600PRO/MATRICE600PRO_FW_V01.00.00.60.bin","MATRICE600PRO_FW_V01.00.00.60.bin",3,"2016-09-27",2988247,
"MATRICE600PRO","MATRICE600PRO_FW_V01.00.00.61.bin",,"https://s3-ap-northeast-1.amazonaws.com/dji-firmware-test/M600PRO/MATRICE600PRO_FW_V01.00.00.61.bin","MATRICE600PRO_FW_V01.00.00.61.bin",3,"2016-09-28",2988247,
"MATRICE600PRO","MATRICE600PRO_FW_V01.00.00.62.bin",,"https://s3-ap-northeast-1.amazonaws.com/dji-firmware-test/M600PRO/MATRICE600PRO_FW_V01.00.00.62.bin","MATRICE600PRO_FW_V01.00.00.62.bin",3,"2016-09-29",3166935,
"MATRICE600PRO","MATRICE600PRO_FW_V01.00.00.63.bin",,"https://s3-ap-northeast-1.amazonaws.com/dji-firmware-test/M600PRO/MATRICE600PRO_FW_V01.00.00.63.bin","MATRICE600PRO_FW_V01.00.00.63.bin",3,"2016-10-26",3236451,
"MATRICE600PRO","MATRICE600PRO_FW_V01.00.00.64.bin",,"https://s3-ap-northeast-1.amazonaws.com/dji-firmware-test/M600PRO/MATRICE600PRO_FW_V01.00.00.64.bin","MATRICE600PRO_FW_V01.00.00.64.bin",3,"2016-11-08",3260819,
"MATRICE600PRO","MATRICE600PRO_FW_V01.00.00.80.bin",,"https://s3-ap-northeast-1.amazonaws.com/dji-firmware-test/M600PRO/MATRICE600PRO_FW_V01.00.00.80.bin","MATRICE600PRO_FW_V01.00.00.80.bin",3,"2016-11-10",3277203,
"MG1S","MG1S_FW_V01.00.00.02.bin",,"https://s3-ap-northeast-1.amazonaws.com/dji-firmware-test/MG1S/MG1S_FW_V01.00.00.02.bin","MG1S_FW_V01.00.00.02.bin",3,"2016-12-05",116118,
"MG1S_RC","MG1SRC_FW_V01.00.00.01.bin",,"https://s3-ap-northeast-1.amazonaws.com/dji-firmware-test/MG1S/MG1SRC_FW_V01.00.00.01.bin","MG1SRC_FW_V01.00.00.01.bin",3,"2016-11-29",3597071,
"OSMO","OSMO_FW_V01.00.01.19.bin",,"http://download.dji-innovations.com/downloads/osmo/OSMO_FW_V01.00.01.19.bin","OSMO_FW_V01.00.01.19.bin",7,"2015-10-26",73067210,
"OSMO","OSMO_FW_V01.04.01.80.bin",,"http://dl.djicdn.com/downloads/osmo/OSMO_FW_BUGFIX_V01.04.01.80.bin.zip","OSMO_FW_BUGFIX_V01.04.01.80.bin.zip",3,"2015-12-28",74656006,"unfixed 01.04.01.80 may disable the device"
"OSMO","OSMO_FW_V01.05.01.88.bin",,"https://s3-ap-northeast-1.amazonaws.com/dji-firmware-test/OSMO/OSMO_FW_V01.05.01.88.bin","OSMO_FW_V01.05.01.88.bin",3,"2016-01-31",72625954,
"OSMO","OSMO_FW_V01.05.01.89.bin",,"https://s3-ap-northeast-1.amazonaws.com/dji-firmware-test/OSMO/OSMO_FW_V01.05.01.89.bin","OSMO_FW_V01.05.01.89.bin",3,"2016-02-05",72625954,
"OSMO","OSMO_FW_V01.05.01.92.bin",,"https://s3-ap-northeast-1.amazonaws.com/dji-firmware-test/OSMO/OSMO_FW_V01.05.01.92.bin","OSMO_FW_V01.05.01.92.bin",3,"2016-02-25",72627486,
"OSMO","OSMO_FW_V01.05.01.93.bin",,"https://s3-ap-northeast-1.amazonaws.com/dji-firmware-test/OSMO/OSMO_FW_V01.05.01.93.bin","OSMO_FW_V01.05.01.93.bin",3,"2016-02-26",72633866,
"OSMO","OSMO_FW_V01.05.01.94.bin",,"https://s3-ap-northeast-1.amazonaws.com/dji-firmware-test/OSMO/OSMO_FW_V01.05.01.94.bin","OSMO_FW_V01.05.01.94.bin",3,"2016-03-02",72634714,
"OSMO","OSMO_FW_V01.05.01.95.bin",,"https://s3-ap-northeast-1.amazonaws.com/dji-firmware-test/OSMO/OSMO_FW_V01.05.01.95.bin","OSMO_FW_V01.05.01.95.bin",3,"2016-03-04",72647002,
"OSMO","OSMO_FW_V01.05.01.96.bin",,"https://s3-ap-northeast-1.amazonaws.com/dji-firmware-test/OSMO/OSMO_FW_V01.05.01.96.bin","OSMO_FW_V01.05.01.96.bin",3,"2016-03-10",72778074,
"OSMO","OSMO_FW_V01.05.01.97.bin",,"https://s3-ap-northeast-1.amazonaws.com/dji-firmware-test/OSMO/OSMO_FW_V01.05.01.97.bin","OSMO_FW_V01.05.01.97.bin",3,"2016-03-11",72787086,
"OSMO","OSMO_FW_V01.05.02.00.bin",,"https://s3-ap-northeast-1.amazonaws.com/dji-firmware-test/OSMO/OSMO_FW_V01.05.02.00.bin","OSMO_FW_V01.05.02.00.bin",3,"2016-03-16",72787406,
"OSMO","OSMO_FW_V01.06.02.10.bin",,"http://dl.djicdn.com/downloads/osmo/OSMO_FW_V01.06.02.10.zip","OSMO_FW_V01.06.02.10.zip",3,"2016-03-24",72786874,
"OSMO","OSMO_FW_V01.08.02.30.bin",,"https://s3-ap-northeast-1.amazonaws.com/dji-firmware-test/OSMO/OSMO_FW_V01.08.02.30.bin","OSMO_FW_V01.08.02.30.bin",3,"2016-06-16",72772998,
"OSMO","OSMO_FW_V01.08.02.35.bin",,"https://s3-ap-northeast-1.amazonaws.com/dji-firmware-test/OSMO/OSMO_FW_V01.08.02.35.bin","OSMO_FW_V01.08.02.35.bin",3,"2016-09-23",72140202,
"OSMO","OSMO_FW_V01.08.02.36.bin",,"https://s3-ap-northeast-1.amazonaws.com/dji-firmware-test/OSMO/OSMO_FW_V01.08.02.36.bin","OSMO_FW_V01.08.02.36.bin",3,"2016-09-24",72140202,
"OSMO","OSMO_FW_V01.08.02.40.bin",,"https://dl.djicdn.com/downloads/osmo/OSMO_FW_V01.08.02.40.zip","OSMO_FW_V01.08.02.40.zip",7,"2016-09-26",72140974,
"OSMO","OSMO_FW_V01.10.02.60.bin",,"https://dl.djicdn.com/downloads/osmo/20170622/OSMO_FW_V01.10.02.60.bin","OSMO_FW_V01.10.02.60.bin",3,"2017-07-08",72159634,
"OSMO_FC350Z","OSMO_FC350Z_FW_V01.00.00.03.bin",,"https://s3-ap-northeast-1.amazonaws.com/dji-firmware-test/OSMO_Zoom/OSMO_FC350Z_FW_V01.00.00.03.bin","OSMO_FC350Z_FW_V01.00.00.03.bin",3,"2016-05-30",67523686,
"OSMO_FC350Z","OSMO_FC350Z_FW_V01.00.00.05.bin",,"https://s3-ap-northeast-1.amazonaws.com/dji-firmware-test/OSMO_Zoom/OSMO_FC350Z_FW_V01.00.00.05.bin","OSMO_FC350Z_FW_V01.00.00.05.bin",3,"2016-06-08",67563474,
"OSMO_FC350Z","OSMO_FC350Z_FW_V01.00.00.06.bin",,"https://s3-ap-northeast-1.amazonaws.com/dji-firmware-test/OSMO_Zoom/OSMO_FC350Z_FW_V01.00.00.06.bin","OSMO_FC350Z_FW_V01.00.00.06.bin",3,"2016-06-29",68046334,
"OSMO_FC350Z","OSMO_FC350Z_FW_V01.00.00.07.bin",,"https://s3-ap-northeast-1.amazonaws.com/dji-firmware-test/OSMO_Zoom/OSMO_FC350Z_FW_V01.00.00.07.bin","OSMO_FC350Z_FW_V01.00.00.07.bin",7,"2016-07-08",68049190,
"OSMO_FC350Z","OSMO_FC350Z_FW_V01.00.00.08.bin",,"https://s3-ap-northeast-1.amazonaws.com/dji-firmware-test/OSMO_Zoom/OSMO_FC350Z_FW_V01.00.00.08.bin","OSMO_FC350Z_FW_V01.00.00.08.bin",3,"2016-07-22",67132018,
"OSMO_FC350Z","OSMO_FC350Z_FW_V01.00.00.09.bin",,"https://s3-ap-northeast-1.amazonaws.com/dji-firmware-test/OSMO_Zoom/OSMO_FC350Z_FW_V01.00.00.09.bin","OSMO_FC350Z_FW_V01.00.00.09.bin",3,"2016-07-26",67132018,
"OSMO_FC350Z","OSMO_FC350Z_FW_V01.00.00.11.bin",,"https://s3-ap-northeast-1.amazonaws.com/dji-firmware-test/OSMO_Zoom/OSMO_FC350Z_FW_V01.00.00.11.bin","OSMO_FC350Z_FW_V01.00.00.11.bin",3,"2016-08-04",67136154,
"OSMO_FC350Z","OSMO_FC350Z_FW_V01.00.00.12.bin",,"https://s3-ap-northeast-1.amazonaws.com/dji-firmware-test/OSMO_Zoom/OSMO_FC350Z_FW_V01.00.00.12.bin","OSMO_FC350Z_FW_V01.00.00.12.bin",3,"2016-08-08",67136154,
"OSMO_FC350Z","OSMO_FC350Z_FW_V01.00.00.13.bin",,"https://s3-ap-northeast-1.amazonaws.com/dji-firmware-test/OSMO_Zoom/OSMO_FC350Z_FW_V01.00.00.13.bin","OSMO_FC350Z_FW_V01.00.00.13.bin",3,"2016-08-15",67139734,
"OSMO_FC350Z","OSMO_FC350Z_FW_V01.00.00.14.bin",,"https://s3-ap-northeast-1.amazonaws.com/dji-firmware-test/OSMO_Zoom/OSMO_FC350Z_FW_V01.00.00.14.bin","OSMO_FC350Z_FW_V01.00.00.14.bin",3,"2016-08-26",67088422,
"OSMO_FC350Z","OSMO_FC350Z_FW_V01.00.00.15.bin",,"https://s3-ap-northeast-1.amazonaws.com/dji-firmware-test/OSMO_Zoom/OSMO_FC350Z_FW_V01.00.00.15.bin","OSMO_FC350Z_FW_V01.00.00.15.bin",3,"2016-08-15",67139802,
"OSMO_FC350Z","OSMO_FC350Z_FW_V01.00.00.16.bin",,"https://s3-ap-northeast-1.amazonaws.com/dji-firmware-test/OSMO_Zoom/OSMO_FC350Z_FW_V01.00.00.16.bin","OSMO_FC350Z_FW_V01.00.00.16.bin",3,"2016-08-26",67145270,
"OSMO_FC350Z","OSMO_FC350Z_FW_V01.00.00.17.bin",,"https://s3-ap-northeast-1.amazonaws.com/dji-firmware-test/OSMO_Zoom/OSMO_FC350Z_FW_V01.00.00.17.bin","OSMO_FC350Z_FW_V01.00.00.17.bin",3,"2016-08-29",67145262,
"OSMO_FC350Z","OSMO_FC350Z_FW_V01.00.00.20.bin",,"https://s3-ap-northeast-1.amazonaws.com/dji-firmware-test/OSMO_Zoom/OSMO_FC350Z_FW_V01.00.00.20.bin","OSMO_FC350Z_FW_V01.00.00.20.bin",3,"2016-08-29",67145262,
"OSMO_FC350Z","OSMO_FC350Z_FW_V01.01.00.21.bin",,"https://s3-ap-northeast-1.amazonaws.com/dji-firmware-test/OSMO_Zoom/OSMO_FC350Z_FW_V01.01.00.21.bin","OSMO_FC350Z_FW_V01.01.00.21.bin",3,"2016-09-06",67145774,
"OSMO_FC350Z","OSMO_FC350Z_FW_V01.01.00.30.bin",,"https://s3-ap-northeast-1.amazonaws.com/dji-firmware-test/OSMO_Zoom/OSMO_FC350Z_FW_V01.01.00.30.bin","OSMO_FC350Z_FW_V01.01.00.30.bin",3,"2016-09-08",67096178,
"OSMO_FC350Z","OSMO_FC350Z_FW_V01.02.00.32.bin",,"https://s3-ap-northeast-1.amazonaws.com/dji-firmware-test/OSMO_Zoom/OSMO_FC350Z_FW_V01.02.00.32.bin","OSMO_FC350Z_FW_V01.02.00.32.bin",3,"2016-09-30",67096262,
"OSMO_FC350Z","OSMO_FC350Z_FW_V01.02.00.33.bin",,"https://s3-ap-northeast-1.amazonaws.com/dji-firmware-test/OSMO_Zoom/OSMO_FC350Z_FW_V01.02.00.33.bin","OSMO_FC350Z_FW_V01.02.00.33.bin",3,"2016-09-30",67095734,
"OSMO_FC350Z","OSMO_FC350Z_FW_V01.02.00.38.bin",,"https://s3-ap-northeast-1.amazonaws.com/dji-firmware-test/OSMO_Zoom/OSMO_FC350Z_FW_V01.02.00.38.bin","OSMO_FC350Z_FW_V01.02.00.38.bin",3,"2016-10-08",67095326,
"OSMO_FC350Z","OSMO_FC350Z_FW_V01.02.00.40.bin",,"https://s3-ap-northeast-1.amazonaws.com/dji-firmware-test/OSMO_Zoom/OSMO_FC350Z_FW_V01.02.00.40.bin","OSMO_FC350Z_FW_V01.02.00.40.bin",3,"2016-10-17",67096702,
"OSMO_FC350Z","OSMO_FC350Z_FW_V01.03.00.50.bin",,"https://s3-ap-northeast-1.amazonaws.com/dji-firmware-test/OSMO_Zoom/OSMO_FC350Z_FW_V01.03.00.50.bin","OSMO_FC350Z_FW_V01.03.00.50.bin",7,"2016-11-14",67113142,
"OSMO_FC350Z","OSMO_FC350Z_FW_V01.04.00.70.bin",,"https://dl.djicdn.com/downloads/osmo-plus/OSMO_FC350Z_FW_V01.04.00.70.bin","OSMO_FC350Z_FW_V01.04.00.70.bin",3,"2017-07-08",67113466,
"OSMO_FC350Z","OSMO_FC350Z_FW_V01.05.00.90.bin",,"https://dl.djicdn.com/downloads/osmo-plus/OSMO_FC350Z_FW_V01.05.00.90.bin","OSMO_FC350Z_FW_V01.05.00.90.bin",3,"2017-07-08",67121506,
"OSMO_X5","OSMO_FC550_FW_V01.01.00.02.bin",,"https://s3-ap-northeast-1.amazonaws.com/dji-firmware-test/OSMO_X5/OSMO_FC550_FW_V01.01.00.02.bin","OSMO_FC550_FW_V01.01.00.02.bin",3,"2016-02-19",74040130,
"OSMO_X5","OSMO_FC550_FW_V01.01.00.03.bin",,"https://s3-ap-northeast-1.amazonaws.com/dji-firmware-test/OSMO_X5/OSMO_FC550_FW_V01.01.00.03.bin","OSMO_FC550_FW_V01.01.00.03.bin",3,"2016-02-24",74055210,
"OSMO_X5","OSMO_FC550_FW_V01.01.00.04.bin",,"https://s3-ap-northeast-1.amazonaws.com/dji-firmware-test/OSMO_X5/OSMO_FC550_FW_V01.01.00.04.bin","OSMO_FC550_FW_V01.01.00.04.bin",3,"2016-02-24",74055210,
"OSMO_X5","OSMO_FC550_FW_V01.01.00.05.bin",,"https://s3-ap-northeast-1.amazonaws.com/dji-firmware-test/OSMO_X5/OSMO_FC550_FW_V01.01.00.05.bin","OSMO_FC550_FW_V01.01.00.05.bin",3,"2016-03-02",74104246,
"OSMO_X5","OSMO_FC550_FW_V01.01.00.07.bin",,"https://s3-ap-northeast-1.amazonaws.com/dji-firmware-test/OSMO_X5/OSMO_FC550_FW_V01.01.00.07.bin","OSMO_FC550_FW_V01.01.00.07.bin",3,"2016-03-14",74425514,
"OSMO_X5","OSMO_FC550_FW_V01.01.00.08.bin",,"https://s3-ap-northeast-1.amazonaws.com/dji-firmware-test/OSMO_X5/OSMO_FC550_FW_V01.01.00.08.bin","OSMO_FC550_FW_V01.01.00.08.bin",3,"2016-03-28",74433598,
"OSMO_X5","OSMO_FC550_FW_V01.01.00.09.bin",,"https://s3-ap-northeast-1.amazonaws.com/dji-firmware-test/OSMO_X5/OSMO_FC550_FW_V01.01.00.09.bin","OSMO_FC550_FW_V01.01.00.09.bin",3,"2016-04-01",74482750,
"OSMO_X5","OSMO_FC550_FW_V01.01.00.10.bin",,"https://dl.djicdn.com/downloads/osmo/OSMO_FC550_FW_V01.01.00.10.bin","OSMO_FC550_FW_V01.01.00.10.bin",3,"2017-07-08",74446638,
"OSMO_X5","OSMO_FC550_FW_V01.01.00.11.bin",,"https://s3-ap-northeast-1.amazonaws.com/dji-firmware-test/OSMO_X5/OSMO_FC550_FW_V01.01.00.11.bin","OSMO_FC550_FW_V01.01.00.11.bin",3,"2016-04-07",74495042,
"OSMO_X5","OSMO_FC550_FW_V01.01.00.13.bin",,"https://s3-ap-northeast-1.amazonaws.com/dji-firmware-test/OSMO_X5/OSMO_FC550_FW_V01.01.00.13.bin","OSMO_FC550_FW_V01.01.00.13.bin",3,"2016-04-14",74441946,
"OSMO_X5","OSMO_FC550_FW_V01.03.00.30.bin",,"https://s3-ap-northeast-1.amazonaws.com/dji-firmware-test/OSMO_X5/OSMO_FC550_FW_V01.03.00.30.bin","OSMO_FC550_FW_V01.03.00.30.bin",7,"2016-06-16",74452422,
"OSMO_X5","OSMO_FC550_FW_V01.03.00.40.bin",,"https://dl.djicdn.com/downloads/osmo/OSMO_FC550_FW_V01.03.00.40.zip","OSMO_FC550_FW_V01.03.00.40.zip",3,,,
"OSMO_X5R","OSMO_FC550R_FW_V01.01.00.01.bin",,"https://s3-ap-northeast-1.amazonaws.com/dji-firmware-test/OSMO_X5R/OSMO_FC550R_FW_V01.01.00.01.bin","OSMO_FC550R_FW_V01.01.00.01.bin",3,"2016-04-14",101404080,
"OSMO_X5R","OSMO_FC550R_FW_V01.01.00.03.bin",,"https://s3-ap-northeast-1.amazonaws.com/dji-firmware-test/OSMO_X5R/OSMO_FC550R_FW_V01.01.00.03.bin","OSMO_FC550R_FW_V01.01.00.03.bin",3,"2016-04-22",101659936,
"OSMO_X5R","OSMO_FC550R_FW_V01.01.00.04.bin",,"https://s3-ap-northeast-1.amazonaws.com/dji-firmware-test/OSMO_X5R/OSMO_FC550R_FW_V01.01.00.04.bin","OSMO_FC550R_FW_V01.01.00.04.bin",3,"2016-04-26",101644892,
"OSMO_X5R","OSMO_FC550R_FW_V01.01.00.10.bin",,"https://s3-ap-northeast-1.amazonaws.com/dji-firmware-test/OSMO_X5R/OSMO_FC550R_FW_V01.01.00.10.bin","OSMO_FC550R_FW_V01.01.00.10.bin",3,"2016-05-04",101775964,
"OSMO_X5R","OSMO_FC550R_FW_V01.02.00.11.bin",,"https://s3-ap-northeast-1.amazonaws.com/dji-firmware-test/OSMO_X5R/OSMO_FC550R_FW_V01.02.00.11.bin","OSMO_FC550R_FW_V01.02.00.11.bin",3,"2016-05-09",101775964,
"OSMO_X5R","OSMO_FC550R_FW_V01.03.00.30.bin",,"https://s3-ap-northeast-1.amazonaws.com/dji-firmware-test/OSMO_X5R/OSMO_FC550R_FW_V01.03.00.30.bin","OSMO_FC550R_FW_V01.03.00.30.bin",3,"2016-06-16",101778676,
"OSMO_X5R","OSMO_FC550R_FW_V01.03.00.40.bin",,"https://dl.djicdn.com/downloads/osmo/OSMO_FC550R_FW_V01.03.00.40.zip","OSMO_FC550R_FW_V01.03.00.40.zip",7,,,"larger than others"
"P3C","P3C_FW_V01.00.0014_Beta.bin",,"http://download.dji-innovations.com/downloads/phantom_3/P3C_FW_V01.00.0014_Beta.bin","P3C_FW_V01.00.0014_Beta.bin",7,,66441750,
"P3C","P3C_FW_V01.00.0017_Beta.bin",,"http://download.dji-innovations.com/downloads/phantom_3/P3C_FW_V01.00.0017_Beta.bin","P3C_FW_V01.00.0017_Beta.bin",3,,66084790,
"P3C","P3C_FW_V01.00.0020.bin",,"http://download.dji-innovations.com/downloads/phantom_3_standard/P3C_FW_V01.00.0020.bin","P3C_FW_V01.00.0020.bin",3,,66088886,
"P3C","P3C_FW_V01.01.0030.bin",,"http://download.dji-innovations.com/downloads/phantom_3_standard/P3C_FW_V01.01.0030.bin","P3C_FW_V01.01.0030.bin",3,,66489662,
"P3C","P3C_FW_V01.02.0040.bin",,"http://dl.djicdn.com/downloads/phantom_3_standard/P3C_FW_V01.02.0040.bin","P3C_FW_V01.02.0040.bin",3,,66244554,
"P3C","P3C_FW_V01.03.0050.bin",,"https://dl.djicdn.com/downloads/phantom_3_standard/P3C_FW_V01.03.0050.bin","P3C_FW_V01.03.0050.bin",3,,66255014,
"P3C","P3C_FW_V01.04.0050.bin",,"https://s3-ap-northeast-1.amazonaws.com/dji-firmware-test/P3C/P3C_FW_V01.04.0050.bin","P3C_FW_V01.04.0050.bin",3,"2016-03-10",57601574,
"P3C","P3C_FW_V01.04.0060.bin",,"https://dl.djicdn.com/downloads/phantom_3_standard/P3C_FW_V01.04.0060.bin","P3C_FW_V01.04.0060.bin",7,"2016-03-09",66465384,
"P3C","P3C_FW_V01.05.0070.bin",,"https://dl.djicdn.com/downloads/phantom_3_standard/P3C_FW_V01.05.0070.bin","P3C_FW_V01.05.0070.bin",3,"2016-04-20",66469044,
"P3C","P3C_FW_V01.05.0074.bin",,"https://s3-ap-northeast-1.amazonaws.com/dji-firmware-test/P3C/P3C_FW_V01.05.0074.bin","P3C_FW_V01.05.0074.bin",3,"2016-10-20",8300602,
"P3C","P3C_FW_V01.05.0075.bin",,"https://s3-ap-northeast-1.amazonaws.com/dji-firmware-test/P3C/P3C_FW_V01.05.0075.bin","P3C_FW_V01.05.0075.bin",3,"2016-09-23",66104000,
"P3C","P3C_FW_V01.06.0080.bin",,"https://s3-ap-northeast-1.amazonaws.com/dji-firmware-test/P3C/P3C_FW_V01.06.0080.bin","P3C_FW_V01.06.0080.bin",3,"2016-09-27",66104664,
"P3C","P3C_FW_V01.06.0083.bin",,"https://s3-ap-northeast-1.amazonaws.com/dji-firmware-test/P3C/P3C_FW_V01.06.0083.bin","P3C_FW_V01.06.0083.bin",3,"2016-07-13",66287552,
"P3C","P3C_FW_V01.06.0086.bin",,"https://s3-ap-northeast-1.amazonaws.com/dji-firmware-test/P3C/P3C_FW_V01.06.0086.bin","P3C_FW_V01.06.0086.bin",3,"2016-07-28",66287552,
"P3C","P3C_FW_V01.07.0082.bin",,"https://s3-ap-northeast-1.amazonaws.com/dji-firmware-test/P3C/P3C_FW_V01.07.0082.bin","P3C_FW_V01.07.0082.bin",3,"2016-09-18",66370300,
"P3C","P3C_FW_V01.07.0084.bin",,"https://s3-ap-northeast-1.amazonaws.com/dji-firmware-test/P3C/P3C_FW_V01.07.0084.bin","P3C_FW_V01.07.0084.bin",3,"2016-11-08",66108728,
"P3C","P3C_FW_V01.07.0086.bin",,"https://s3-ap-northeast-1.amazonaws.com/dji-firmware-test/P3C/P3C_FW_V01.07.0086.bin","P3C_FW_V01.07.0086.bin",3,"2016-12-26",876406,
"P3C","P3C_FW_V01.07.0090.bin",,"https://s3-ap-northeast-1.amazonaws.com/dji-firmware-test/P3C/P3C_FW_V01.07.0090.bin","P3C_FW_V01.07.0090.bin",3,"2016-12-29",66108728,
"P3C","P3C_FW_V01.08.0100.bin",,"http://dl.djicdn.com/downloads/phantom_3_standard/20170111/P3C_FW_V01.08.0100.bin","P3C_FW_V01.08.0100.bin",3,"2017-07-08",66188652,
"P3C","P3C_FW_V01.09.0200.bin",,"https://dl.djicdn.com/downloads/phantom_3_standard/P3C_FW_V01.09.0200.bin","P3C_FW_V01.09.0200.bin",3,"2017-07-08",108371760,
"P3S","P3S_FW_V01.01.0008.bin","http://www.phantomhelp.com/Phantom-3-Advanced/#FirmwareArchive","http://download.dji-innovations.com/downloads/phantom_3/en/Phantom_3_Advanced_Firmware_v1.1.8_en.zip","Phantom_3_Advanced_Firmware_v1.1.8_en.zip",3,,,
"P3S","P3S_FW_V01.01.0009.bin","http://www.phantomhelp.com/Phantom-3-Advanced/#FirmwareArchive","http://download.dji-innovations.com/downloads/phantom_3/en/Phantom_3_Advanced_Firmware_v1.1.9_en.zip","Phantom_3_Advanced_Firmware_v1.1.9_en.zip",3,,,
"P3S","P3S_FW_V01.02.0007.bin","http://www.phantomhelp.com/Phantom-3-Advanced/#FirmwareArchive","http://download.dji-innovations.com/downloads/phantom_3/en/Phantom_3_Advanced_Firmware_v1.2.7_en.zip","Phantom_3_Advanced_Firmware_v1.2.7_en.zip",3,,,
"P3S","P3S_FW_V01.02.0008.bin","http://www.phantomhelp.com/Phantom-3-Advanced/#FirmwareArchive","http://download.dji-innovations.com/downloads/phantom_3/en/Phantom_3_Advanced_Firmware_v1.2.8_en.zip","Phantom_3_Advanced_Firmware_v1.2.8_en.zip",3,,,
"P3S","P3S_FW_V01.03.0020.bin","http://www.phantomhelp.com/Phantom-3-Advanced/#FirmwareArchive","http://dl.djicdn.com/downloads/phantom_3/en/Phantom_3_Advanced_Firmware_v1.3.20__en.zip","Phantom_3_Advanced_Firmware_v1.3.20__en.zip",3,,,
"P3S","P3S_FW_V01.04.0010.bin","http://www.phantomhelp.com/Phantom-3-Advanced/#FirmwareArchive","http://download.dji-innovations.com/downloads/phantom_3/en/Phantom_3_Advanced_Firmware_v1.4.0010_en.zip","Phantom_3_Advanced_Firmware_v1.4.0010_en.zip",3,,,
"P3S","P3S_FW_V01.05.0030.bin","http://www.phantomhelp.com/Phantom-3-Advanced/#FirmwareArchive","http://dl.djicdn.com/downloads/phantom_3/P3S_FW_V01.05.0030.zip","P3S_FW_V01.05.0030.zip",3,,,
"P3S","P3S_FW_V01.06.0040.bin","http://www.phantomhelp.com/Phantom-3-Advanced/#FirmwareArchive","http://dl.djicdn.com/downloads/phantom_3/P3S_FW_V01.06.0040.zip","P3S_FW_V01.06.0040.zip",3,,,
"P3S","P3S_FW_V01.07.0060.bin","http://www.phantomhelp.com/Phantom-3-Advanced/#FirmwareArchive","http://dl.djicdn.com/downloads/phantom_3/P3S_FW_V01.07.0060.zip","P3S_FW_V01.07.0060.zip",7,,,
"P3S","P3S_FW_V01.08.0080.bin","http://www.phantomhelp.com/Phantom-3-Advanced/#FirmwareArchive","https://dl.djicdn.com/downloads/phantom_3/P3S_FW_V01.08.0080.zip","P3S_FW_V01.08.0080.zip",3,,,
"P3S","P3S_FW_V01.09.0060.bin","http://www.phantomhelp.com/Phantom-3-Advanced/#FirmwareArchive","https://dl.djicdn.com/downloads/phantom_3/P3S_FW_V01.09.0060.zip","P3S_FW_V01.09.0060.zip",7,,,
"P3S","P3S_FW_V01.10.0090.bin","http://www.phantomhelp.com/Phantom-3-Advanced/#FirmwareArchive","https://dl.djicdn.com/downloads/phantom_3/P3S_FW_V01.10.0090.zip","P3S_FW_V01.10.0090.zip",3,,,
"P3SE","P3SE_FW_V01.01.0000.bin",,"https://dl.djicdn.com/downloads/phantom_3/20170331/P3SE_FW_V01.01.0000.bin","P3SE_FW_V01.01.0000.bin",3,"2017-07-08",46801707,
"P3SE","P3SE_FW_V01.02.0010.bin",,"https://dl.djicdn.com/downloads/phantom_3_se/P3SE_FW_V01.02.0010.bin","P3SE_FW_V01.02.0010.bin",3,"2017-07-08",46803413,
"P3SE","P3SE_FW_V01.03.0020.bin",,"https://dl.djicdn.com/downloads/phantom_3_se/P3SE_FW_V01.03.0020.bin","P3SE_FW_V01.03.0020.bin",3,"2017-07-08",46829800,
"P3X","P3X_FW_V01.01.0006.bin",,"http://download.dji-innovations.com/downloads/phantom_3/en/Phantom_3_Professional_Firmware_v1.1.6_en.zip","Phantom_3_Professional_Firmware_v1.1.6_en.zip",7,,,
"P3X","P3X_FW_V01.01.0008.bin","http://www.phantomhelp.com/Phantom-3-Professional/#FirmwareArchive","http://download.dji-innovations.com/downloads/phantom_3/en/Phantom_3_Professional_Firmware_v1.1.8_en.zip","Phantom_3_Professional_Firmware_v1.1.8_en.zip",7,,,
"P3X","P3X_FW_V01.01.0009.bin","http://www.phantomhelp.com/Phantom-3-Professional/#FirmwareArchive","http://download.dji-innovations.com/downloads/phantom_3/en/Phantom_3_Professional_Firmware_v1.1.9_en.zip","Phantom_3_Professional_Firmware_v1.1.9_en.zip",3,,,
"P3X","P3X_FW_V01.01.1003.bin",,"https://www.dropbox.com/s/375t56kblxmiqw0/P3X_FW_V01.01.1003.bin?dl=1",,3,,,"SDK supported firmware"
"P3X","P3X_FW_V01.01.1007.bin","http://www.gerhard-weinberger.at/phpBB2/viewtopic.php?f=5&t=9",,,3,,,"developer build"
"P3X","P3X_FW_V01.02.0006.bin","http://www.phantomhelp.com/Phantom-3-Professional/#FirmwareArchive","http://download.dji-innovations.com/downloads/phantom_3/en/Phantom_3_Professional_Firmware_v1.2.6_en.zip","Phantom_3_Professional_Firmware_v1.2.6_en.zip",7,,,
"P3X","P3X_FW_V01.03.0020.bin","http://www.phantomhelp.com/Phantom-3-Professional/#FirmwareArchive","http://download.dji-innovations.com/downloads/phantom_3/en/Phantom_3_Professional_Firmware_v1.3.20_en.zip","Phantom_3_Professional_Firmware_v1.3.20_en.zip",3,,,
"P3X","P3X_FW_V01.04.0001.bin","http://www.gerhard-weinberger.at/phpBB2/viewtopic.php?f=5&t=9",,"tmp_17722-P3X_FW_V01.04.00011340809002.zip",3,,,"developer build"
"P3X","P3X_FW_V01.04.0005.bin","http://www.gerhard-weinberger.at/phpBB2/viewtopic.php?f=5&t=9",,"tmp_17875-P3X_FW_V01.04.0005-184638096.rar",3,,,"developer build"
"P3X","P3X_FW_V01.04.0010.bin","http://www.phantomhelp.com/Phantom-3-Professional/#FirmwareArchive","http://download.dji-innovations.com/downloads/phantom_3/en/Phantom_3_Professional_Firmware_v1.4.0010_en.zip","Phantom_3_Professional_Firmware_v1.4.0010_en.zip",3,,,
"P3X","P3X_FW_V01.05.0011.bin","http://www.gerhard-weinberger.at/phpBB2/viewtopic.php?f=5&t=9",,"tmp_21167-P3X_FW_V01.05.0011-679456768.rar",3,,,"developer build"
"P3X","P3X_FW_V01.05.0030.bin","http://www.phantomhelp.com/Phantom-3-Professional/#FirmwareArchive","http://dl.djicdn.com/downloads/phantom_3/P3X_FW_V01.05.0030.zip","P3X_FW_V01.05.0030.zip",3,,,
"P3X","P3X_FW_V01.06.0040.bin","http://www.phantomhelp.com/Phantom-3-Professional/#FirmwareArchive","http://dl.djicdn.com/downloads/phantom_3/P3X_FW_V01.06.0040.zip","P3X_FW_V01.06.0040.zip",3,,,
"P3X","P3X_FW_V01.07.0043_beta.bin",,,,3,,,
"P3X","P3X_FW_V01.07.0060.bin","http://www.phantomhelp.com/Phantom-3-Professional/#FirmwareArchive","http://dl.djicdn.com/downloads/phantom_3/P3X_FW_V01.07.0060.zip","P3X_FW_V01.07.0060.zip",3,,,"interesting - mi01 not encrypted"
"P3X","P3X_FW_V01.08.0080.bin","http://www.phantomhelp.com/Phantom-3-Professional/#FirmwareArchive","http://dl.djicdn.com/downloads/phantom_3/P3X_FW_V01.08.0080.zip","P3X_FW_V01.08.0080.zip",7,,,"interesting - mi02 encrypted"
"P3X","P3X_FW_V01.09.0021.bin",,"http://dl.djicdn.com/downloads/phantom_3/P3X_FW_V01.09.0021.zip","P3X_FW_V01.09.0021.zip",3,,,
"P3X","P3X_FW_V01.09.0060.bin","http://www.phantomhelp.com/Phantom-3-Professional/#FirmwareArchive","http://dl.djicdn.com/downloads/phantom_3/P3X_FW_V01.09.0060.zip","P3X_FW_V01.09.0060.zip",3,,,
"P3X","P3X_FW_V01.10.0090.bin","http://www.phantomhelp.com/Phantom-3-Professional/#FirmwareArchive","http://dl.djicdn.com/downloads/phantom_3/P3X_FW_V01.10.0090.zip","P3X_FW_V01.10.0090.zip",3,,,
"P3X","P3X_FW_V01.11.0020.bin","http://www.dji.com/phantom-3-pro/info#downloads","https://dl.djicdn.com/downloads/phantom_3/20170706/P3P_FW_V01.11.0020.bin.zip","P3P_FW_V01.11.0020.bin.zip",7,,,"latest available"
"P3XS","P3XS_FW_RC_V01.03.0020.bin",,"http://download.dji-innovations.com/downloads/phantom_3/P3XS_FW_RC_V01.03.0020.bin","P3XS_FW_RC_V01.03.0020.bin",3,"2017-07-08",29847336,
"P3XW","P3XW_FW_V01.00.0010.bin","http://rc-fpv.pl/viewtopic.php?f=45&p=462003","https://dl.djicdn.com/downloads/phantom_3_4k/P3XW_FW_V01.00.0010.bin","P3XW_FW_V01.00.0010.bin",3,"2017-07-08",66227706,
"P3XW","P3XW_FW_V01.01.0000.bin","http://www.phantomhelp.com/Phantom-3-4K/#FirmwareArchive","https://dl.djicdn.com/downloads/phantom_4k/P3XW_FW_V01.01.0000.bin","P3XW_FW_V01.01.0000.bin",7,,66218566,
"P3XW","P3XW_FW_V01.02.0010.bin","http://www.phantomhelp.com/Phantom-3-4K/#FirmwareArchive","https://dl.djicdn.com/downloads/phantom_3_4k/P3XW_FW_V01.02.0010.bin","P3XW_FW_V01.02.0010.bin",3,,66259164,
"P3XW","P3XW_FW_V01.03.0010.bin",,"https://s3-ap-northeast-1.amazonaws.com/dji-firmware-test/P34K/P3XW_FW_V01.03.0010.bin","P3XW_FW_V01.03.0010.bin",3,"2016-03-10",65853142,
"P3XW","P3XW_FW_V01.03.0020.bin","http://www.phantomhelp.com/Phantom-3-4K/#FirmwareArchive","https://dl.djicdn.com/downloads/phantom_3_4k/P3XW_FW_V01.03.0020.bin","P3XW_FW_V01.03.0020.bin",3,"2016-03-09",66263232,
"P3XW","P3XW_FW_V01.04.0030.bin","http://www.phantomhelp.com/Phantom-3-4K/#FirmwareArchive","https://dl.djicdn.com/downloads/phantom_3_4k/P3XW_FW_V01.04.0030.bin","P3XW_FW_V01.04.0030.bin",3,,66266844,
"P3XW","P3XW_FW_V01.04.0036.bin",,"https://s3-ap-northeast-1.amazonaws.com/dji-firmware-test/P34K/P3XW_FW_V01.04.0036.bin","P3XW_FW_V01.04.0036.bin",3,"2016-04-26",66449328,
"P3XW","P3XW_FW_V01.04.0037.bin",,"https://s3-ap-northeast-1.amazonaws.com/dji-firmware-test/P34K/P3XW_FW_V01.04.0037.bin","P3XW_FW_V01.04.0037.bin",3,"2016-04-26",7995634,
"P3XW","P3XW_FW_V01.05.0040.bin","http://www.phantomhelp.com/Phantom-3-4K/#FirmwareArchive","http://dl.djicdn.com/downloads/phantom_3_4k/P3XW_FW_V01.05.0040.bin","P3XW_FW_V01.05.0040.bin",7,"2016-05-09",66449328,
"P3XW","P3XW_FW_V01.06.0050.bin",,"https://dl.djicdn.com/downloads/phantom_3_4k/P3XW_FW_V01.06.0050.bin","P3XW_FW_V01.06.0050.bin",3,"2017-07-08",66383616,
"RTK","RTK_FW_V01.00.00.13.bin",,"https://s3-ap-northeast-1.amazonaws.com/dji-firmware-test/RTK/RTK_FW_V01.00.00.13.bin","RTK_FW_V01.00.00.13.bin",3,"2016-06-03",27391808,
"RTK","RTK_FW_V01.00.00.14.bin",,"https://s3-ap-northeast-1.amazonaws.com/dji-firmware-test/RTK/RTK_FW_V01.00.00.14.bin","RTK_FW_V01.00.00.14.bin",7,"2016-06-07",27391808,
"RTK","RTK_FW_V01.00.00.15.bin",,"https://s3-ap-northeast-1.amazonaws.com/dji-firmware-test/RTK/RTK_FW_V01.00.00.15.bin","RTK_FW_V01.00.00.15.bin",3,"2016-06-07",27391808,
"RTK","RTK_FW_V01.00.00.16.bin",,"https://s3-ap-northeast-1.amazonaws.com/dji-firmware-test/RTK/RTK_FW_V01.00.00.16.bin","RTK_FW_V01.00.00.16.bin",3,"2016-06-07",27391808,
"RTK","RTK_FW_V01.00.00.17.bin",,"https://s3-ap-northeast-1.amazonaws.com/dji-firmware-test/RTK/RTK_FW_V01.00.00.17.bin","RTK_FW_V01.00.00.17.bin",3,"2016-06-07",27391808,
"RTK","RTK_FW_V01.00.00.18.bin",,"https://s3-ap-northeast-1.amazonaws.com/dji-firmware-test/RTK/RTK_FW_V01.00.00.18.bin","RTK_FW_V01.00.00.18.bin",3,"2016-10-21",27391816,
"RTK","RTK_FW_V01.00.00.19.bin",,"https://s3-ap-northeast-1.amazonaws.com/dji-firmware-test/RTK/RTK_FW_V01.00.00.19.bin","RTK_FW_V01.00.00.19.bin",7,"2016-11-09",27403112,
"RTK","RTK_FW_V01.00.00.21.bin",,"https://s3-ap-northeast-1.amazonaws.com/dji-firmware-test/RTK/RTK_FW_V01.00.00.21.bin","RTK_FW_V01.00.00.21.bin",3,"2016-12-28",27392004,
"RTK","RTK_FW_V01.00.0090.bin",,"https://s3-ap-northeast-1.amazonaws.com/dji-firmware-test/M600/RTK_FW_V01.00.0090.bin","RTK_FW_V01.00.0090.bin",3,"2016-09-29",27391816,
"WM610","WM610_FW_V01.02.01.03.bin",,"http://dl.djicdn.com/downloads/inspire_1/en/Inspire_1_Firmwarev1.2.01.03_en.zip","Inspire_1_Firmwarev1.2.01.03_en.zip",3,"2015-05-04",39302640,
"WM610","WM610_FW_V01.02.01.03.bin",,"http://dl.djicdn.com/downloads/inspire_1/cn/Inspire_1_Firmwarev1.2.01.03_cn.zip","Inspire_1_Firmwarev1.2.01.03_cn.zip",1,"2015-05-04",0,
"WM610","WM610_FW_V01.02.01.06.bin",,"http://dl.djicdn.com/downloads/inspire_1/en/Inspire_1_Firmwarev1.2.1.06_en.zip","Inspire_1_Firmwarev1.2.1.06_en.zip",3,"2015-05-26",39302772,
"WM610","WM610_FW_V01.02.01.06.bin",,"http://dl.djicdn.com/downloads/inspire_1/cn/Inspire_1_Firmwarev1.2.1.06_cn.zip","Inspire_1_Firmwarev1.2.1.06_cn.zip",1,"2015-05-26",0,
"WM610","WM610_FW_V01.03.00.00.bin",,"http://dl.djicdn.com/downloads/inspire_1/en/Inspire_1_Firmwarev1.3.0.00_en.zip","Inspire_1_Firmwarev1.3.0.00_en.zip",3,"2015-08-03",87206772,
"WM610","WM610_FW_V01.03.00.00.bin",,"http://dl.djicdn.com/downloads/inspire_1/cn/Inspire_1_Firmwarev1.3.0.00_cn.zip","Inspire_1_Firmwarev1.3.0.00_cn.zip",1,"2015-08-03",0,
"WM610","WM610_FW_V01.04.00.10.bin",,"http://dl.djicdn.com/downloads/inspire_1/en/Inspire_1_Firmwarev1.4.0.10_en.zip","Inspire_1_Firmwarev1.4.0.10_en.zip",3,"2015-09-06",65995754,
"WM610","WM610_FW_V01.04.00.10.bin",,"http://dl.djicdn.com/downloads/inspire_1/cn/Inspire_1_Firmwarev1.4.0.10_cn.zip","Inspire_1_Firmwarev1.4.0.10_cn.zip",1,"2015-09-06",0,
"WM610","WM610_FW_V01.05.00.30.bin",,"https://dl.djicdn.com/downloads/inspire_1/WM610_FW_V01.05.00.30.zip","WM610_FW_V01.05.00.30.zip",3,"2015-12-07",75899402,
"WM610","WM610_FW_V01.06.00.40.bin",,"https://dl.djicdn.com/downloads/inspire_1/WM610_FW_V01.06.00.40.zip","WM610_FW_V01.06.00.40.zip",3,"2015-12-22",75904266,
"WM610","WM610_FW_V01.07.00.90.bin",,"https://dl.djicdn.com/downloads/inspire_1/WM610_FW_V01.07.00.90.zip","WM610_FW_V01.07.00.90.zip",3,"2016-03-16",73866254,
"WM610","WM610_FW_V01.08.00.92.bin",,"https://s3-ap-northeast-1.amazonaws.com/dji-firmware-test/inspire1/WM610_FW_V01.08.00.92.bin","WM610_FW_V01.08.00.92.bin",7,"2016-03-24",73871782,
"WM610","WM610_FW_V01.08.01.00.bin",,"https://dl.djicdn.com/downloads/inspire_1/WM610_FW_V01.08.01.00.zip","WM610_FW_V01.08.01.00.zip",3,"2016-09-29",73871782,
"WM610","WM610_FW_V01.11.01.50.bin",,"https://dl.djicdn.com/downloads/inspire_1/20170710/WM610_FW_V01.11.01.50.zip","WM610_FW_V01.11.01.50.zip",3,"2017-07-10",73350122,
"WM610_FC350Z","WM610_FC350Z_FW_V01.09.01.40.bin",,"https://s3-ap-northeast-1.amazonaws.com/dji-firmware-test/Z3/WM610_FC350Z_FW_V01.09.01.40.bin","WM610_FC350Z_FW_V01.09.01.40.bin",3,"2016-11-09",64079390,
"WM610_FC550","WM610_FC550_FW_V01.00.00.30.bin",,"http://www.panorobot.com/dji/download/inspirepro/Inspire_1_Pro_Firmware_v1.0.0.30.zip","Inspire_1_Pro_Firmware_v1.0.0.30.zip",3,"2015-09-30",0,
"WM610_FC550","WM610_FC550_FW_V01.01.00.40.bin",,"http://www.panorobot.com/dji/download/inspirepro/Inspire_1_Pro_Firmware_v1.1.0.40.zip","Inspire_1_Pro_Firmware_v1.1.0.40.zip",3,"2015-11-24",0,
"WM610_FC550","WM610_FC550_FW_V01.02.00.50.bin",,"http://www.panorobot.com/dji/download/inspirepro/Inspire_1_Pro_Firmware_1210.zip","Inspire_1_Pro_Firmware_1210.zip",3,"2015-12-10",0,
"WM610_FC550","WM610_FC550_FW_V01.03.00.60.bin",,"http://www.panorobot.com/dji/download/inspirepro/WM610_FC550_FW_V01.03.00.60.zip","WM610_FC550_FW_V01.03.00.60.zip",3,"2015-12-22",0,
"WM610_FC550","WM610_FC550_FW_V01.04.00.70.bin",,"http://www.panorobot.com/dji/download/inspirepro/WM610_FC550_FW_V01.04.00.70.zip","WM610_FC550_FW_V01.04.00.70.zip",3,"2016-03-15",0,
"WM610_FC550","WM610_FC550_FW_V01.08.00.92.bin",,"https://s3-ap-northeast-1.amazonaws.com/dji-firmware-test/inspire1/WM610_FC550_FW_V01.08.00.92.bin","WM610_FC550_FW_V01.08.00.92.bin",3,"2016-03-24",70480246,
"WM610_FC550","WM610_FC550_FW_V01.08.01.00.bin",,"http://www.panorobot.com/dji/download/inspirepro/WM610_FC550_FW_V01.08.01.00.zip","WM610_FC550_FW_V01.08.01.00.zip",3,"2016-04-07",0,
"ZT300","ZT300_FW_V01.00.00.01.bin",,"https://s3-ap-northeast-1.amazonaws.com/dji-firmware-test/ZT300/ZT300_FW_V01.00.00.01.bin","ZT300_FW_V01.00.00.01.bin",3,"2016-05-30",89974,
"ZT300","ZT300_FW_V01.00.00.02.bin",,"https://s3-ap-northeast-1.amazonaws.com/dji-firmware-test/ZT300/ZT300_FW_V01.00.00.02.bin","ZT300_FW_V01.00.00.02.bin",3,"2016-06-03",90486,
"ZT300","ZT300_FW_V01.00.00.03.bin",,"https://s3-ap-northeast-1.amazonaws.com/dji-firmware-test/ZT300/ZT300_FW_V01.00.00.03.bin","ZT300_FW_V01.00.00.03.bin",3,"2016-06-03",90486,
"ZT300","ZT300_FW_V01.00.00.04.bin",,"https://s3-ap-northeast-1.amazonaws.com/dji-firmware-test/ZT300/ZT300_FW_V01.00.00.04.bin","ZT300_FW_V01.00.00.04.bin",3,"2016-06-03",90486,
"ZT300","ZT300_FW_V01.00.00.05.bin",,"https://s3-ap-northeast-1.amazonaws.com/dji-firmware-test/ZT300/ZT300_FW_V01.00.00.05.bin","ZT300_FW_V01.00.00.05.bin",3,"2016-06-07",90486,
"ZT300","ZT300_FW_V01.00.00.06.bin",,"https://s3-ap-northeast-1.amazonaws.com/dji-firmware-test/ZT300/ZT300_FW_V01.00.00.06.bin","ZT300_FW_V01.00.00.06.bin",3,"2016-07-06",90230,
"ZT300","ZT300_FW_V01.00.00.07.bin",,"https://s3-ap-northeast-1.amazonaws.com/dji-firmware-test/ZT300/ZT300_FW_V01.00.00.07.bin","ZT300_FW_V01.00.00.07.bin",3,"2016-07-07",90998,
"ZT300","ZT300_FW_V01.00.00.08.bin",,"https://s3-ap-northeast-1.amazonaws.com/dji-firmware-test/ZT300/ZT300_FW_V01.00.00.08.bin","ZT300_FW_V01.00.00.08.bin",3,"2016-07-11",90998,
"ZT300","ZT300_FW_V01.00.00.10.bin",,"https://s3-ap-northeast-1.amazonaws.com/dji-firmware-test/ZT300/ZT300_FW_V01.00.00.10.bin","ZT300_FW_V01.00.00.10.bin",3,"2016-07-13",91254,
"ZT300","ZT300_FW_V01.00.00.11.bin",,"https://s3-ap-northeast-1.amazonaws.com/dji-firmware-test/ZT300/ZT300_FW_V01.00.00.11.bin","ZT300_FW_V01.00.00.11.bin",3,"2016-07-28",91254,
"ZT300","ZT300_FW_V01.00.00.12.bin",,"https://s3-ap-northeast-1.amazonaws.com/dji-firmware-test/ZT300/ZT300_FW_V01.00.00.12.bin","ZT300_FW_V01.00.00.12.bin",3,"2016-08-26",91254,
"ZT300","ZT300_FW_V01.00.00.13.bin",,"https://s3-ap-northeast-1.amazonaws.com/dji-firmware-test/ZT300/ZT300_FW_V01.00.00.13.bin","ZT300_FW_V01.00.00.13.bin",3,"2016-10-20",91254,
